,url,price,location,amenities
0,https://www.makaan.com/mumbai-property/thane-west-flats-for-sale-50063,Rs.4299000 ,Puraniks Unicorn Phase 1,"['Possession by Nov 2026', 'New ']"
1,https://www.makaan.com/mumbai-property/thane-west-flats-for-sale-50063,Rs.11900000 ,Dynamix Parkwoods ,"['Possession by Nov 2027', 'New ']"
2,https://www.makaan.com/mumbai-property/thane-west-flats-for-sale-50063,Rs.8200000 ,Risland Risland The Icon,"['Possession by Nov 2025', 'New ']"
3,https://www.makaan.com/mumbai-property/thane-west-flats-for-sale-50063,Rs.14600000 ,Kalpataru Paramount,"['Possession by May 2025', 'New ']"
4,https://www.makaan.com/mumbai-property/thane-west-flats-for-sale-50063,Rs.12600235 ,,"['Possession by Feb 2025', '2 Bathrooms', 'New ']"
5,https://www.makaan.com/mumbai-property/thane-west-flats-for-sale-50063,Rs.4299000 ,Puraniks Unicorn Phase 1,"['Possession by Nov 2026', 'New ']"
6,https://www.makaan.com/mumbai-property/thane-west-flats-for-sale-50063,Rs.11900000 ,Dynamix Parkwoods ,"['Possession by Nov 2027', 'New ']"
7,https://www.makaan.com/mumbai-property/thane-west-flats-for-sale-50063,Rs.12400000 ,Risland Risland The Icon,"['Possession by Nov 2025', 'New ']"
8,https://www.makaan.com/mumbai-property/thane-west-flats-for-sale-50063,Rs.14600000 ,Kalpataru Paramount,"['Possession by May 2025', 'New ']"
9,https://www.makaan.com/mumbai-property/thane-west-flats-for-sale-50063,Rs.17499560 ,,"['Possession by Feb 2025', '3 Bathrooms', 'New ']"
10,https://www.makaan.com/mumbai-property/thane-west-flats-for-sale-50063,Rs.10305120 ,Puraniks Rumah Bali,"['6 - 7 years old', 'New ']"
11,https://www.makaan.com/mumbai-property/thane-west-flats-for-sale-50063,Rs.12300000 ,Risland Risland The Icon,"['Possession by Nov 2025', 'New ']"
12,https://www.makaan.com/mumbai-property/thane-west-flats-for-sale-50063,Rs.14600000 ,Kalpataru Paramount,"['Possession by May 2025', 'New ']"
13,https://www.makaan.com/mumbai-property/thane-west-flats-for-sale-50063,Rs.14099900 ,,"['Possession by Feb 2025', 'New ']"
14,https://www.makaan.com/mumbai-property/thane-west-flats-for-sale-50063,Rs.4141000 ,Ace Enclave,"['Possession by Dec 2026', '1 Bathrooms', 'Resale ']"
15,https://www.makaan.com/mumbai-property/thane-west-flats-for-sale-50063,Rs.5800000 ,,"['1 Bathrooms', 'Resale ', 'SouthWest facing']"
16,https://www.makaan.com/mumbai-property/thane-west-flats-for-sale-50063,Rs.15500000 ,Regency Regency Heights,"['9 - 10 years old', '2 Bathrooms', 'Resale ']"
17,https://www.makaan.com/mumbai-property/thane-west-flats-for-sale-50063,Rs.2150000 ,Reputed Builder Vrindavan Society,"['15 - 16 years old', '2 Bathrooms', 'Resale ']"
18,https://www.makaan.com/mumbai-property/thane-west-flats-for-sale-50063,Rs.1800000 ,,"['1 Bathrooms', 'Resale ']"
19,https://www.makaan.com/mumbai-property/thane-west-flats-for-sale-50063,Rs.7560000 ,,"['1 Bathrooms', 'Resale ']"
20,https://www.makaan.com/mumbai-property/mira-road-east-flats-for-sale-51735,Rs.9411000 ,Origin Oriana,"['Possession by Nov 2024', 'New ']"
21,https://www.makaan.com/mumbai-property/mira-road-east-flats-for-sale-51735,Rs.9411000 ,Origin Oriana,"['Possession by Nov 2024', 'New ']"
22,https://www.makaan.com/mumbai-property/mira-road-east-flats-for-sale-51735,Rs.6965000 ,Origin Oriana,"['Possession by Nov 2024', 'New ']"
23,https://www.makaan.com/mumbai-property/mira-road-east-flats-for-sale-51735,Rs.12000000 ,ANA Avant Garde Phase 1,"['4 - 5 years old', '2 Bathrooms', 'Resale ']"
24,https://www.makaan.com/mumbai-property/mira-road-east-flats-for-sale-51735,Rs.11600000 ,Unique Aurum,"['10 - 11 years old', '2 Bathrooms', 'Resale ']"
25,https://www.makaan.com/mumbai-property/mira-road-east-flats-for-sale-51735,Rs.7700000 ,JP Atria,"['2 - 3 years old', '2 Bathrooms', 'Resale ']"
26,https://www.makaan.com/mumbai-property/mira-road-east-flats-for-sale-51735,Rs.4000000 ,,"['2 Bathrooms', 'Resale ', 'NorthEast facing']"
27,https://www.makaan.com/mumbai-property/mira-road-east-flats-for-sale-51735,Rs.11000000 ,Raj Mandir Complex,"['11 years old', '2 Bathrooms', 'Resale ']"
28,https://www.makaan.com/mumbai-property/mira-road-east-flats-for-sale-51735,Rs.11000000 ,,"['2 Bathrooms', 'Resale ']"
29,https://www.makaan.com/mumbai-property/mira-road-east-flats-for-sale-51735,Rs.9900000 ,,"['2 Bathrooms', 'Resale ', 'North facing']"
30,https://www.makaan.com/mumbai-property/mira-road-east-flats-for-sale-51735,Rs.7500000 ,,"['2 Bathrooms', 'Resale ']"
31,https://www.makaan.com/mumbai-property/mira-road-east-flats-for-sale-51735,Rs.9890000 ,Amisha Empire Phase I,"['2 - 3 years old', '2 Bathrooms', 'Resale ']"
32,https://www.makaan.com/mumbai-property/mira-road-east-flats-for-sale-51735,Rs.5950000 ,Neha Heena Presidency,"['Possession by Nov 2024', '2 Bathrooms', 'New ']"
33,https://www.makaan.com/mumbai-property/mira-road-east-flats-for-sale-51735,Rs.8700000 ,JP North Barcelona,"['Possession by May 2025', 'New ']"
34,https://www.makaan.com/mumbai-property/mira-road-east-flats-for-sale-51735,Rs.5300348 ,Varadvinayak Siddhivinayak Aura Building 1,"['Possession by May 2029', 'New ']"
35,https://www.makaan.com/mumbai-property/mira-road-east-flats-for-sale-51735,Rs.9891096 ,Raj Akshay,"['Possession by Nov 2023', 'New ']"
36,https://www.makaan.com/mumbai-property/mira-road-east-flats-for-sale-51735,Rs.8925000 ,Kakad Paradise Phase 2,"['Possession by Nov 2023', 'New ']"
37,https://www.makaan.com/mumbai-property/mira-road-east-flats-for-sale-51735,Rs.9254784 ,Rassaz Greens ,"['1 year old', '2 Bathrooms', 'New ']"
38,https://www.makaan.com/mumbai-property/mira-road-east-flats-for-sale-51735,Rs.5500000 ,Reputed Builder Prathamesh CHS,"['13 - 14 years old', '1 Bathrooms', 'Resale ']"
39,https://www.makaan.com/mumbai-property/mira-road-east-flats-for-sale-51735,Rs.6025000 ,Nandkumar Janki Legacy,"['2 Bathrooms', 'Resale ', 'West facing']"
40,https://www.makaan.com/lucknow-property/sultanpur-road-flats-for-sale-70496,Rs.991800 ,Unite Vision Vatican City,['Possession by Oct 2023']
41,https://www.makaan.com/lucknow-property/sultanpur-road-flats-for-sale-70496,Rs.2700000 ,AK Dream Green City Phase 3,['New ']
42,https://www.makaan.com/lucknow-property/sultanpur-road-flats-for-sale-70496,Rs.9200000 ,Sapphire Residency,"['1 open sides', 'East facing']"
43,https://www.makaan.com/lucknow-property/sultanpur-road-flats-for-sale-70496,Rs.30000000 ,Sapphire Residency,"['4 Bathrooms', 'New ', 'North facing']"
44,https://www.makaan.com/lucknow-property/sultanpur-road-flats-for-sale-70496,Rs.5100000 ,Swastik Villas,"['3 Bathrooms', 'New ', 'NorthEast facing']"
45,https://www.makaan.com/lucknow-property/sultanpur-road-flats-for-sale-70496,Rs.5040000 ,Sapphire Residency,"['1 open sides', 'West facing']"
46,https://www.makaan.com/lucknow-property/sultanpur-road-flats-for-sale-70496,Rs.3680000 ,Sapphire Residency,[]
47,https://www.makaan.com/lucknow-property/sultanpur-road-flats-for-sale-70496,Rs.1102000 ,Unite Vision Vatican City,['Possession by Oct 2023']
48,https://www.makaan.com/lucknow-property/sultanpur-road-flats-for-sale-70496,Rs.7200000 ,Sapphire Residency,"['1 open sides', 'West facing']"
49,https://www.makaan.com/lucknow-property/sultanpur-road-flats-for-sale-70496,Rs.6360000 ,Sapphire Residency,"['1 open sides', 'NorthWest facing']"
50,https://www.makaan.com/lucknow-property/sultanpur-road-flats-for-sale-70496,Rs.551000 ,Unite Vision Vatican City,['Possession by Oct 2023']
51,https://www.makaan.com/lucknow-property/sultanpur-road-flats-for-sale-70496,Rs.3500000 ,Sapphire Residency,"['1 open sides', 'West facing']"
52,https://www.makaan.com/lucknow-property/sultanpur-road-flats-for-sale-70496,Rs.999000 ,,"['2 - 3 years old', '1 Bathrooms', 'New ']"
53,https://www.makaan.com/lucknow-property/sultanpur-road-flats-for-sale-70496,Rs.999000 ,,"['2 open sides', ' 50,000 booking amount', 'East facing']"
54,https://www.makaan.com/lucknow-property/sultanpur-road-flats-for-sale-70496,Rs.751000 ,,"['2 open sides', ' 50,000 booking amount', 'East facing']"
55,https://www.makaan.com/lucknow-property/sultanpur-road-flats-for-sale-70496,Rs.699000 ,,"['2 - 3 years old', '2 open sides', ' 21,000 booking amount']"
56,https://www.makaan.com/lucknow-property/sultanpur-road-flats-for-sale-70496,Rs.699000 ,,"['2 - 3 years old', '2 open sides', ' 21,000 booking amount']"
57,https://www.makaan.com/lucknow-property/sultanpur-road-flats-for-sale-70496,Rs.999000 ,,"['2 open sides', ' 50,000 booking amount', 'East facing']"
58,https://www.makaan.com/lucknow-property/sultanpur-road-flats-for-sale-70496,Rs.999000 ,,"['2 - 3 years old', '2 open sides', ' 50,000 booking amount']"
59,https://www.makaan.com/lucknow-property/sultanpur-road-flats-for-sale-70496,Rs.599000 ,,"['2 open sides', ' 60,000 booking amount', 'East facing']"
60,https://www.makaan.com/lucknow-property/gosainganj-flats-for-sale-52914,Rs.1400000 ,,[]
61,https://www.makaan.com/lucknow-property/gosainganj-flats-for-sale-52914,Rs.750000 ,,[]
62,https://www.makaan.com/lucknow-property/gosainganj-flats-for-sale-52914,Rs.1450000 ,,['5 open sides']
63,https://www.makaan.com/lucknow-property/gosainganj-flats-for-sale-52914,Rs.1200000 ,,"['1 open sides', 'NorthEast facing']"
64,https://www.makaan.com/lucknow-property/gosainganj-flats-for-sale-52914,Rs.4400000 ,,"['3 Bathrooms', 'New ']"
65,https://www.makaan.com/lucknow-property/gosainganj-flats-for-sale-52914,Rs.1313750 ,,[]
66,https://www.makaan.com/lucknow-property/gosainganj-flats-for-sale-52914,Rs.3150000 ,,"['2 Bathrooms', 'New ', 'NorthEast facing']"
67,https://www.makaan.com/lucknow-property/gosainganj-flats-for-sale-52914,Rs.1100000 ,,"['1 open sides', 'East facing']"
68,https://www.makaan.com/lucknow-property/gosainganj-flats-for-sale-52914,Rs.500600 ,,"['2 open sides', 'East facing']"
69,https://www.makaan.com/lucknow-property/gosainganj-flats-for-sale-52914,Rs.3100000 ,,"['2 Bathrooms', 'New ']"
70,https://www.makaan.com/lucknow-property/gosainganj-flats-for-sale-52914,Rs.950000 ,,"['2 open sides', 'East facing']"
71,https://www.makaan.com/lucknow-property/gosainganj-flats-for-sale-52914,Rs.700000 ,,"['2 open sides', 'West facing']"
72,https://www.makaan.com/lucknow-property/gosainganj-flats-for-sale-52914,Rs.512000 ,,"['2 open sides', 'West facing']"
73,https://www.makaan.com/lucknow-property/gosainganj-flats-for-sale-52914,Rs.3150000 ,,"['2 Bathrooms', 'New ', 'NorthEast facing']"
74,https://www.makaan.com/lucknow-property/gosainganj-flats-for-sale-52914,Rs.2026500 ,,"['1 open sides', 'East facing']"
75,https://www.makaan.com/lucknow-property/gosainganj-flats-for-sale-52914,Rs.2900000 ,Halwasiya Shivlar Sambandh Phase 1,"['Possession by Mar 2025', '1 Bathrooms', 'New ']"
76,https://www.makaan.com/lucknow-property/gosainganj-flats-for-sale-52914,Rs.750000 ,Vasundhara Orchid Valley,['1 - 2 years old']
77,https://www.makaan.com/lucknow-property/gosainganj-flats-for-sale-52914,Rs.4500000 ,,"['3 Bathrooms', 'New ']"
78,https://www.makaan.com/lucknow-property/gosainganj-flats-for-sale-52914,Rs.999000 ,,"['2 open sides', ' 50,000 booking amount', 'East facing']"
79,https://www.makaan.com/lucknow-property/gosainganj-flats-for-sale-52914,Rs.1100000 ,,"['2 years old', '3 open sides', ' 51,000 booking amount']"
80,https://www.makaan.com/mohali-property/sector-127-mohali-flats-for-sale-52319,Rs.5450000 ,Shivalik Homes,"['8 years old', '3 Bathrooms', 'Resale ']"
81,https://www.makaan.com/mohali-property/sector-127-mohali-flats-for-sale-52319,Rs.2390000 ,Mittal Paradise Apartment,"['5 years old', '2 Bathrooms', 'Resale ']"
82,https://www.makaan.com/mohali-property/sector-127-mohali-flats-for-sale-52319,Rs.4430000 ,MVD Nature City,"['1 - 2 years old', '2 Bathrooms', 'Resale ']"
83,https://www.makaan.com/mohali-property/sector-127-mohali-flats-for-sale-52319,Rs.1790000 ,Shiwalik Shivalik City,"['11 - 12 years old', '1 Bathrooms', 'Resale ']"
84,https://www.makaan.com/mohali-property/sector-127-mohali-flats-for-sale-52319,Rs.4290000 ,SBP North Valley,"['9 years old', '2 Bathrooms', 'Resale ']"
85,https://www.makaan.com/mohali-property/sector-127-mohali-flats-for-sale-52319,Rs.1850000 ,Shiwalik Shivalik City,"['11 - 12 years old', '1 Bathrooms', 'Resale ']"
86,https://www.makaan.com/mohali-property/sector-127-mohali-flats-for-sale-52319,Rs.2990000 ,Shiwalik City,"['8 years old', '2 Bathrooms', 'New ']"
87,https://www.makaan.com/mohali-property/sector-127-mohali-flats-for-sale-52319,Rs.2590000 ,Shivalik Homes,"['8 years old', '2 Bathrooms', 'New ']"
88,https://www.makaan.com/mohali-property/sector-127-mohali-flats-for-sale-52319,Rs.3190000 ,Shiwalik City,"['8 years old', '2 Bathrooms', 'New ']"
89,https://www.makaan.com/mohali-property/sector-127-mohali-flats-for-sale-52319,Rs.1660000 ,Bhakti Shiva Enclave,"['2 Bathrooms', 'Resale ', 'East facing']"
90,https://www.makaan.com/mohali-property/sector-127-mohali-flats-for-sale-52319,Rs.5400000 ,SBP North Valley,"['9 years old', '2 Bathrooms', 'New ']"
91,https://www.makaan.com/mohali-property/sector-127-mohali-flats-for-sale-52319,Rs.4390000 ,Shiwalik City,"['8 years old', '3 Bathrooms', 'New ']"
92,https://www.makaan.com/mohali-property/sector-127-mohali-flats-for-sale-52319,Rs.6590000 ,Acme Shivalik Heights,"['3 Bathrooms', 'New ']"
93,https://www.makaan.com/mohali-property/sector-127-mohali-flats-for-sale-52319,Rs.5990000 ,Acme Shivalik Heights,"['3 Bathrooms', 'New ', 'NorthEast facing']"
94,https://www.makaan.com/mohali-property/sector-127-mohali-flats-for-sale-52319,Rs.5350000 ,JSJ Josan Heights,"['3 Bathrooms', 'New ', 'North facing']"
95,https://www.makaan.com/mohali-property/sector-127-mohali-flats-for-sale-52319,Rs.3290000 ,Shiwalik City,"['8 years old', '2 Bathrooms', 'New ']"
96,https://www.makaan.com/mohali-property/sector-127-mohali-flats-for-sale-52319,Rs.5790000 ,Shiwalik City,"['8 years old', '3 Bathrooms', 'Resale ']"
97,https://www.makaan.com/mohali-property/sector-127-mohali-flats-for-sale-52319,Rs.5890000 ,Maa Mansa Aster Homes,"['5 years old', '3 Bathrooms', 'New ']"
98,https://www.makaan.com/mohali-property/sector-127-mohali-flats-for-sale-52319,Rs.6575000 ,Acme Shivalik Heights,"['3 Bathrooms', 'New ', 'East facing']"
99,https://www.makaan.com/mohali-property/sector-127-mohali-flats-for-sale-52319,Rs.8990000 ,SBP North Valley,"['3 Bathrooms', 'New ', 'East facing']"
100,https://www.makaan.com/mumbai-property/thane-west-rental-flats-50063,Rs.39000 ,Kalpataru Paramount,"['No Deposit', '2 bathrooms', 'East facing']"
101,https://www.makaan.com/mumbai-property/thane-west-rental-flats-50063,Rs.15000 ,Cosmos 27 GBR,"['No Deposit', '2 bathrooms', 'East facing']"
102,https://www.makaan.com/mumbai-property/thane-west-rental-flats-50063,Rs.42000 ,Piramal Vaikunth Thane,"['No Deposit', '2 bathrooms', 'NorthEast facing']"
103,https://www.makaan.com/mumbai-property/thane-west-rental-flats-50063,Rs.35000 ,Kalpataru Sunrise,"['No Deposit', '2 bathrooms', 'East facing']"
104,https://www.makaan.com/mumbai-property/thane-west-rental-flats-50063,Rs.30000 ,Maithili Pride,"['No Deposit', '1 bathrooms', 'West facing']"
105,https://www.makaan.com/mumbai-property/thane-west-rental-flats-50063,Rs.10995 ,Haware Haware Citi,"['No Deposit', '2 bathrooms', 'North facing']"
106,https://www.makaan.com/mumbai-property/thane-west-rental-flats-50063,Rs.28000 ,,"['No Deposit', '2 bathrooms', 'NorthEast facing']"
107,https://www.makaan.com/mumbai-property/thane-west-rental-flats-50063,Rs.30000 ,,"['No Deposit', '2 bathrooms', 'East facing']"
108,https://www.makaan.com/mumbai-property/thane-west-rental-flats-50063,Rs.13000 ,Squarefeet Grand Square,"['No Deposit', '2 bathrooms', 'East facing']"
109,https://www.makaan.com/mumbai-property/thane-west-rental-flats-50063,Rs.25000 ,,"['No Deposit', '2 bathrooms', 'East facing']"
110,https://www.makaan.com/mumbai-property/thane-west-rental-flats-50063,Rs.18000 ,Mehta Amrut Aangan Phase 2,"['No Deposit', '1 bathrooms']"
111,https://www.makaan.com/mumbai-property/thane-west-rental-flats-50063,Rs.12000 ,Sarvoday Patwardhan Baug,"['No Deposit', '2 bathrooms', 'East facing']"
112,https://www.makaan.com/mumbai-property/thane-west-rental-flats-50063,Rs.24000 ,Runwal Garden City,"['No Deposit', '2 bathrooms']"
113,https://www.makaan.com/mumbai-property/thane-west-rental-flats-50063,Rs.28000 ,Ashar Edge,"['No Deposit', '2 bathrooms']"
114,https://www.makaan.com/mumbai-property/thane-west-rental-flats-50063,Rs.42000 ,Neelkanth Palms,"['No Deposit', '2 bathrooms', 'East facing']"
115,https://www.makaan.com/mumbai-property/thane-west-rental-flats-50063,Rs.23000 ,Vardhaman Gawand Baug,"['No Deposit', '2 bathrooms', 'East facing']"
116,https://www.makaan.com/mumbai-property/thane-west-rental-flats-50063,Rs.175000 ,Rajesh Metropolitan,"['No Deposit', '2 bathrooms', 'SouthWest facing']"
117,https://www.makaan.com/mumbai-property/thane-west-rental-flats-50063,Rs.13000 ,Reputed Builder Glory Puranik Home Town,"['No Deposit', '2 bathrooms', 'NorthWest facing']"
118,https://www.makaan.com/mumbai-property/thane-west-rental-flats-50063,Rs.100000 ,Sheth Avalon,"['No Deposit', '4 bathrooms']"
119,https://www.makaan.com/mumbai-property/thane-west-rental-flats-50063,Rs.35000 ,Hiranandani Estate Rodas Enclave,"['No Deposit', '2 bathrooms', 'East facing']"
120,https://www.makaan.com/delhi-property/saket-rental-flats-53816,Rs.15000 ,,"['No Deposit', '1 bathrooms', 'North facing']"
121,https://www.makaan.com/delhi-property/saket-rental-flats-53816,Rs.15000 ,,"['No Deposit', '1 bathrooms', 'NorthEast facing']"
122,https://www.makaan.com/delhi-property/saket-rental-flats-53816,Rs.8500 ,,"['No Deposit', '1 bathrooms']"
123,https://www.makaan.com/delhi-property/saket-rental-flats-53816,Rs.20000 ,,"['No Deposit', '1 bathrooms']"
124,https://www.makaan.com/delhi-property/saket-rental-flats-53816,Rs.120000 ,,"['No Deposit', '4 bathrooms', 'North facing']"
125,https://www.makaan.com/delhi-property/saket-rental-flats-53816,Rs.60000 ,,"['No Deposit', '2 bathrooms', 'East facing']"
126,https://www.makaan.com/delhi-property/saket-rental-flats-53816,Rs.40000 ,Reputed Builder Golf View Apartments,"['No Deposit', '2 bathrooms', 'NorthEast facing']"
127,https://www.makaan.com/delhi-property/saket-rental-flats-53816,Rs.14000 ,Reputed Builder Saket RWA,"['No Deposit', '1 bathrooms', 'NorthEast facing']"
128,https://www.makaan.com/delhi-property/saket-rental-flats-53816,Rs.8500 ,,"['No Deposit', '1 bathrooms']"
129,https://www.makaan.com/delhi-property/saket-rental-flats-53816,Rs.38000 ,,"['No Deposit', '3 bathrooms', 'NorthEast facing']"
130,https://www.makaan.com/delhi-property/saket-rental-flats-53816,Rs.62000 ,,"['No Deposit', '2 bathrooms', 'North facing']"
131,https://www.makaan.com/delhi-property/saket-rental-flats-53816,Rs.8000 ,Reputed Builder Saket RWA,"['No Deposit', '1 bathrooms', 'NorthEast facing']"
132,https://www.makaan.com/delhi-property/saket-rental-flats-53816,Rs.44500 ,,"['No Deposit', '2 bathrooms', 'North facing']"
133,https://www.makaan.com/delhi-property/saket-rental-flats-53816,Rs.40000 ,,"['No Deposit', '2 bathrooms', 'NorthEast facing']"
134,https://www.makaan.com/delhi-property/saket-rental-flats-53816,Rs.20000 ,,"['No Deposit', '2 bathrooms', 'NorthEast facing']"
135,https://www.makaan.com/delhi-property/saket-rental-flats-53816,Rs.75000 ,,"['No Deposit', '2 bathrooms']"
136,https://www.makaan.com/delhi-property/saket-rental-flats-53816,Rs.28000 ,Reputed Builder Saket RWA,"['No Deposit', '2 bathrooms', 'NorthEast facing']"
137,https://www.makaan.com/delhi-property/saket-rental-flats-53816,Rs.15000 ,Reputed Builder Saket RWA,"['No Deposit', '1 bathrooms']"
138,https://www.makaan.com/delhi-property/saket-rental-flats-53816,Rs.40000 ,,"['No Deposit', '2 bathrooms']"
139,https://www.makaan.com/delhi-property/saket-rental-flats-53816,Rs.18000 ,,"['No Deposit', '2 bathrooms']"
140,https://www.makaan.com/mumbai-property/kharghar-rental-flats-50003,Rs.27000 ,Paradise Sai Spring,"['No Deposit', '2 bathrooms', 'West facing']"
141,https://www.makaan.com/mumbai-property/kharghar-rental-flats-50003,Rs.64000 ,Gajra Bhoomi Heights,"['No Deposit', '4 bathrooms']"
142,https://www.makaan.com/mumbai-property/kharghar-rental-flats-50003,Rs.25000 ,Varsha Balaji Heritage,"['No Deposit', '2 bathrooms', 'North facing']"
143,https://www.makaan.com/mumbai-property/kharghar-rental-flats-50003,Rs.25000 ,BSEL Infrastructure Realty Ltd Kasturi Villa,"['No Deposit', '2 bathrooms', 'NorthEast facing']"
144,https://www.makaan.com/mumbai-property/kharghar-rental-flats-50003,Rs.21000 ,Goodwill Goodwill Gardens,"['No Deposit', '2 bathrooms', 'East facing']"
145,https://www.makaan.com/mumbai-property/kharghar-rental-flats-50003,Rs.20000 ,Gami Viona,"['No Deposit', '2 bathrooms', 'East facing']"
146,https://www.makaan.com/mumbai-property/kharghar-rental-flats-50003,Rs.32000 ,Giriraj Horizon,"['No Deposit', '2 bathrooms', 'NorthEast facing']"
147,https://www.makaan.com/mumbai-property/kharghar-rental-flats-50003,Rs.18000 ,GHP Sonnet,"['No Deposit', '1 bathrooms', 'East facing']"
148,https://www.makaan.com/mumbai-property/kharghar-rental-flats-50003,Rs.65000 ,Regency Regency Gardens,"['No Deposit', '3 bathrooms', 'West facing']"
149,https://www.makaan.com/mumbai-property/kharghar-rental-flats-50003,Rs.20000 ,Rekhi Deffodils,"['No Deposit', '1 bathrooms', 'East facing']"
150,https://www.makaan.com/mumbai-property/kharghar-rental-flats-50003,Rs.27000 ,Giriraj Horizon,"['No Deposit', '2 bathrooms', 'East facing']"
151,https://www.makaan.com/mumbai-property/kharghar-rental-flats-50003,Rs.35000 ,Reputed Builder Ashirwad Heights,"['No Deposit', '2 bathrooms', 'East facing']"
152,https://www.makaan.com/mumbai-property/kharghar-rental-flats-50003,Rs.35000 ,,"['No Deposit', '3 bathrooms', 'NorthEast facing']"
153,https://www.makaan.com/mumbai-property/kharghar-rental-flats-50003,Rs.18500 ,Reputed Builder Tulsi Vihar,"['No Deposit', '2 bathrooms', 'East facing']"
154,https://www.makaan.com/mumbai-property/kharghar-rental-flats-50003,Rs.30000 ,Haware Haware Glory,"['No Deposit', '2 bathrooms', 'NorthEast facing']"
155,https://www.makaan.com/mumbai-property/kharghar-rental-flats-50003,Rs.35000 ,Reputed Builder Jalvayu Defence Enclave,"['No Deposit', '2 bathrooms', 'East facing']"
156,https://www.makaan.com/mumbai-property/kharghar-rental-flats-50003,Rs.13000 ,Reputed Builder Royal Court,"['No Deposit', '1 bathrooms', 'East facing']"
157,https://www.makaan.com/mumbai-property/kharghar-rental-flats-50003,Rs.55000 ,Concrete Sai Saakshaat,"['No Deposit', '3 bathrooms', 'East facing']"
158,https://www.makaan.com/mumbai-property/kharghar-rental-flats-50003,Rs.30000 ,Vintage Patel Paradise,"['No Deposit', '3 bathrooms', 'East facing']"
159,https://www.makaan.com/mumbai-property/kharghar-rental-flats-50003,Rs.40000 ,Patel Aum Sai,"['No Deposit', '3 bathrooms', 'East facing']"
160,https://www.makaan.com/mumbai-property/powai-rental-flats-50016,Rs.79100 ,Kanakia Silicon Valley,"['No Deposit', '2 bathrooms', 'West facing']"
161,https://www.makaan.com/mumbai-property/powai-rental-flats-50016,Rs.73000 ,Nahar Amrit Shakti,"['No Deposit', '2 bathrooms', 'West facing']"
162,https://www.makaan.com/mumbai-property/powai-rental-flats-50016,Rs.125000 ,Hiranandani Zen Atlantis,"['No Deposit', '2 bathrooms']"
163,https://www.makaan.com/mumbai-property/powai-rental-flats-50016,Rs.95000 ,Hiranandani Castle Rock,"['No Deposit', '2 bathrooms', 'East facing']"
164,https://www.makaan.com/mumbai-property/powai-rental-flats-50016,Rs.67000 ,Shapoorji Pallonji Vicinia,"['No Deposit', '3 bathrooms', 'East facing']"
165,https://www.makaan.com/mumbai-property/powai-rental-flats-50016,Rs.95000 ,Hiranandani Gardens Heritage,"['No Deposit', '3 bathrooms', 'East facing']"
166,https://www.makaan.com/mumbai-property/powai-rental-flats-50016,Rs.52000 ,,"['No Deposit', '2 bathrooms', 'East facing']"
167,https://www.makaan.com/mumbai-property/powai-rental-flats-50016,Rs.80000 ,Hiranandani Castle Rock,"['No Deposit', '2 bathrooms', 'SouthEast facing']"
168,https://www.makaan.com/mumbai-property/powai-rental-flats-50016,Rs.95000 ,,"['No Deposit', '2 bathrooms', 'East facing']"
169,https://www.makaan.com/mumbai-property/powai-rental-flats-50016,Rs.7999 ,Reputed Builder Lakeside,"['No Deposit', '2 bathrooms', 'North facing']"
170,https://www.makaan.com/mumbai-property/powai-rental-flats-50016,Rs.100000 ,Hiranandani Atlantis C Wing,"['No Deposit', '2 bathrooms', 'East facing']"
171,https://www.makaan.com/mumbai-property/powai-rental-flats-50016,Rs.28000 ,GHP Powai Vihar Complex,"['No Deposit', '1 bathrooms']"
172,https://www.makaan.com/mumbai-property/powai-rental-flats-50016,Rs.85000 ,Hiranandani Gardens Valencia,"['No Deposit', '3 bathrooms', 'East facing']"
173,https://www.makaan.com/mumbai-property/powai-rental-flats-50016,Rs.50000 ,,"['No Deposit', '2 bathrooms', 'NorthEast facing']"
174,https://www.makaan.com/mumbai-property/powai-rental-flats-50016,Rs.65000 ,Supreme Lake Homes,"['No Deposit', '2 bathrooms', 'East facing']"
175,https://www.makaan.com/mumbai-property/powai-rental-flats-50016,Rs.90000 ,Hiranandani Castle Rock,"['No Deposit', '2 bathrooms', 'West facing']"
176,https://www.makaan.com/mumbai-property/powai-rental-flats-50016,Rs.85000 ,Hiranandani Zen Atlantis,"['No Deposit', '2 bathrooms', 'East facing']"
177,https://www.makaan.com/mumbai-property/powai-rental-flats-50016,Rs.105000 ,Hiranandani Gardens Florentine,"['No Deposit', '3 bathrooms', 'West facing']"
178,https://www.makaan.com/mumbai-property/powai-rental-flats-50016,Rs.28000 ,Suncity Builder Complex,"['No Deposit', '2 bathrooms', 'West facing']"
179,https://www.makaan.com/mumbai-property/powai-rental-flats-50016,Rs.83000 ,Nahar Yarrow Yucca Vinca,"['No Deposit', '2 bathrooms', 'East facing']"
180,https://www.makaan.com/pune-property/hadapsar-rental-flats-50090,Rs.15000 ,KUL Kubera Sankul,"['No Deposit', '2 bathrooms']"
181,https://www.makaan.com/pune-property/hadapsar-rental-flats-50090,Rs.42000 ,Amanora Aspire Towers,"['No Deposit', '2 bathrooms', 'East facing']"
182,https://www.makaan.com/pune-property/hadapsar-rental-flats-50090,Rs.35000 ,,"['No Deposit', '2 bathrooms', 'East facing']"
183,https://www.makaan.com/pune-property/hadapsar-rental-flats-50090,Rs.42000 ,Amanora Future Towers,"['No Deposit', '2 bathrooms', 'East facing']"
184,https://www.makaan.com/pune-property/hadapsar-rental-flats-50090,Rs.27000 ,Vishal Belleza,"['No Deposit', '2 bathrooms', 'East facing']"
185,https://www.makaan.com/pune-property/hadapsar-rental-flats-50090,Rs.185000 ,Marvel Diva 1,"['No Deposit', '5 bathrooms']"
186,https://www.makaan.com/pune-property/hadapsar-rental-flats-50090,Rs.37000 ,Amanora Adreno Towers,"['No Deposit', '2 bathrooms', 'NorthEast facing']"
187,https://www.makaan.com/pune-property/hadapsar-rental-flats-50090,Rs.45000 ,Wadhwa Solitaire,"['No Deposit', '2 bathrooms', 'NorthEast facing']"
188,https://www.makaan.com/pune-property/hadapsar-rental-flats-50090,Rs.38000 ,Amanora Gateway Towers,"['No Deposit', '2 bathrooms', 'East facing']"
189,https://www.makaan.com/pune-property/hadapsar-rental-flats-50090,Rs.239000 ,Amanora Sweet Water Villa Plots,"['No Deposit', '4 bathrooms', 'East facing']"
190,https://www.makaan.com/pune-property/hadapsar-rental-flats-50090,Rs.120000 ,Panchshil One North,"['No Deposit', '5 bathrooms', 'East facing']"
191,https://www.makaan.com/pune-property/hadapsar-rental-flats-50090,Rs.160000 ,Panchshil One North,"['No Deposit', '6 bathrooms', 'East facing']"
192,https://www.makaan.com/pune-property/hadapsar-rental-flats-50090,Rs.230000 ,Panchshil Yoo Pune,"['No Deposit', '5 bathrooms']"
193,https://www.makaan.com/pune-property/hadapsar-rental-flats-50090,Rs.45000 ,Marvel Bounty,"['No Deposit', '3 bathrooms', 'East facing']"
194,https://www.makaan.com/pune-property/hadapsar-rental-flats-50090,Rs.50000 ,Karia Konark Bella Vista,"['No Deposit', '3 bathrooms', 'East facing']"
195,https://www.makaan.com/pune-property/hadapsar-rental-flats-50090,Rs.26000 ,Shree Marvilla,"['No Deposit', '2 bathrooms']"
196,https://www.makaan.com/pune-property/hadapsar-rental-flats-50090,Rs.35000 ,Magarpatta Trillium,"['No Deposit', '2 bathrooms', 'North facing']"
197,https://www.makaan.com/pune-property/hadapsar-rental-flats-50090,Rs.10000 ,Nayan Galaxy,"['No Deposit', '1 bathrooms', 'East facing']"
198,https://www.makaan.com/pune-property/hadapsar-rental-flats-50090,Rs.13500 ,,"['No Deposit', '1 bathrooms']"
199,https://www.makaan.com/pune-property/hadapsar-rental-flats-50090,Rs.13000 ,,"['No Deposit', '2 bathrooms']"
200,https://www.makaan.com/maharashtra/buy-property-in-maharashtra-state,Rs.5998848 ,Soundlines Codename Urban Rainforest,"['Possession by Feb 2026', 'New ']"
201,https://www.makaan.com/maharashtra/buy-property-in-maharashtra-state,Rs.28900000 ,Sanghvi Infenia,"['Possession by Dec 2026', 'New ']"
202,https://www.makaan.com/maharashtra/buy-property-in-maharashtra-state,Rs.9411000 ,Origin Oriana,"['Possession by Nov 2024', 'New ']"
203,https://www.makaan.com/maharashtra/buy-property-in-maharashtra-state,Rs.19900773 ,Agami Estancia,"['Possession by Jun 2024', 'New ']"
204,https://www.makaan.com/maharashtra/buy-property-in-maharashtra-state,Rs.12355824 ,Pankaj Mangal Kalash,"['Possession by Nov 2025', 'New ']"
205,https://www.makaan.com/maharashtra/buy-property-in-maharashtra-state,Rs.5305000 ,Pride Boston,"['Possession by Nov 2026', 'New ']"
206,https://www.makaan.com/maharashtra/buy-property-in-maharashtra-state,Rs.46900620 ,Sanjona Abhilash Phase II,"['0 - 1 year old', 'New ']"
207,https://www.makaan.com/maharashtra/buy-property-in-maharashtra-state,Rs.7300000 ,Silver Gardenia,"['Possession by Nov 2025', 'New ']"
208,https://www.makaan.com/maharashtra/buy-property-in-maharashtra-state,Rs.3513900 ,Devprath Mangalmurti Residency,"['Possession by Aug 2025', 'New ']"
209,https://www.makaan.com/maharashtra/buy-property-in-maharashtra-state,Rs.15075000 ,Avant Group Mumbai Avant Hillway,"['0 - 1 year old', 'New ']"
210,https://www.makaan.com/maharashtra/buy-property-in-maharashtra-state,Rs.7389681 ,Aqura Pride,"['Possession by Aug 2025', 'New ']"
211,https://www.makaan.com/maharashtra/buy-property-in-maharashtra-state,Rs.3575000 ,Ram Green Hive A C D E,"['7 - 8 years old', '1 Bathrooms', 'New ']"
212,https://www.makaan.com/maharashtra/buy-property-in-maharashtra-state,Rs.3999027 ,Lotus Urban Homes,"['Possession by Dec 2025', 'New ']"
213,https://www.makaan.com/maharashtra/buy-property-in-maharashtra-state,Rs.3956536 ,Shree Samarth Shri ICON,"['Possession by Dec 2024', 'New ']"
214,https://www.makaan.com/maharashtra/buy-property-in-maharashtra-state,Rs.10338540 ,Lak And Hanware The Residency Tower,"['0 - 1 year old', 'New ']"
215,https://www.makaan.com/maharashtra/buy-property-in-maharashtra-state,Rs.7649999 ,Waghere Rajveer Imperia,"['Possession by May 2025', 'New ']"
216,https://www.makaan.com/maharashtra/buy-property-in-maharashtra-state,Rs.5900000 ,Shree Sonigara VIVANTA NEXT,"['Possession by Feb 2026', 'New ']"
217,https://www.makaan.com/maharashtra/buy-property-in-maharashtra-state,Rs.34410000 ,Chaitanya Chaitanya Anand CHSL,"['Possession by Nov 2023', 'New ']"
218,https://www.makaan.com/maharashtra/buy-property-in-maharashtra-state,Rs.3584115 ,Sapphire Vrinda,"['Possession by Mar 2027', 'New ']"
219,https://www.makaan.com/maharashtra/buy-property-in-maharashtra-state,Rs.4799000 ,Marathon Marathon Neovalley Narmada Wing B,"['Possession by Nov 2027', 'New ']"
220,https://www.makaan.com/uttar-pradesh/buy-property-in-uttar-pradesh-state,Rs.6375500 ,Paramount Golfforeste Premium Apartments,"['5 - 6 years old', 'New ']"
221,https://www.makaan.com/uttar-pradesh/buy-property-in-uttar-pradesh-state,Rs.4728186 ,Rudra Vardaan Heights Phase 1,"['Possession by Dec 2026', '2 Bathrooms', 'New ']"
222,https://www.makaan.com/uttar-pradesh/buy-property-in-uttar-pradesh-state,Rs.34867641 ,Gaursons The Islands By Gaurs,"['Possession by Apr 2030', '4 Bathrooms', 'New ']"
223,https://www.makaan.com/uttar-pradesh/buy-property-in-uttar-pradesh-state,Rs.2600000 ,Solitaire Pride,"['Possession by Jun 2026', 'New ']"
224,https://www.makaan.com/uttar-pradesh/buy-property-in-uttar-pradesh-state,Rs.7062000 ,Eros Sampoornam 2,"['Possession by Sep 2025', 'New ']"
225,https://www.makaan.com/uttar-pradesh/buy-property-in-uttar-pradesh-state,Rs.15400800 ,Assotech Canopy,['Possession by Sep 2024']
226,https://www.makaan.com/uttar-pradesh/buy-property-in-uttar-pradesh-state,Rs.11103750 ,Assotech Windsor Court,"['5 - 6 years old', '3 Bathrooms', 'New ']"
227,https://www.makaan.com/uttar-pradesh/buy-property-in-uttar-pradesh-state,Rs.24327500 ,Rishita Serenity,"['Possession by Dec 2025', 'New ']"
228,https://www.makaan.com/uttar-pradesh/buy-property-in-uttar-pradesh-state,Rs.6425921 ,VHV Happy Homes 2 0,"['Possession by Dec 2024', 'New ']"
229,https://www.makaan.com/uttar-pradesh/buy-property-in-uttar-pradesh-state,Rs.25158000 ,Omaxe The Resort,"['Possession by Oct 2030', 'New ']"
230,https://www.makaan.com/uttar-pradesh/buy-property-in-uttar-pradesh-state,Rs.87500000 ,Mahagun Manorialle,"['Possession by Nov 2023', 'New ']"
231,https://www.makaan.com/uttar-pradesh/buy-property-in-uttar-pradesh-state,Rs.34300000 ,ASGI ASG Apple 7,"['1 - 2 years old', '4 Bathrooms', 'New ']"
232,https://www.makaan.com/uttar-pradesh/buy-property-in-uttar-pradesh-state,Rs.5166000 ,Paramount Golfforeste Premium Apartments,"['5 - 6 years old', 'New ']"
233,https://www.makaan.com/uttar-pradesh/buy-property-in-uttar-pradesh-state,Rs.5612038 ,Rudra Vardaan Heights Phase 1,"['Possession by Dec 2026', '2 Bathrooms', 'New ']"
234,https://www.makaan.com/uttar-pradesh/buy-property-in-uttar-pradesh-state,Rs.34867641 ,Gaursons The Islands By Gaurs,"['Possession by Apr 2030', '4 Bathrooms', 'New ']"
235,https://www.makaan.com/uttar-pradesh/buy-property-in-uttar-pradesh-state,Rs.7800000 ,Solitaire Pride,"['Possession by Jun 2026', 'New ']"
236,https://www.makaan.com/uttar-pradesh/buy-property-in-uttar-pradesh-state,Rs.12501000 ,Eros Sampoornam 2,"['Possession by Sep 2025', 'New ']"
237,https://www.makaan.com/uttar-pradesh/buy-property-in-uttar-pradesh-state,Rs.15400800 ,Assotech Canopy,['Possession by Sep 2024']
238,https://www.makaan.com/uttar-pradesh/buy-property-in-uttar-pradesh-state,Rs.11103750 ,Assotech Windsor Court,"['5 - 6 years old', '3 Bathrooms', 'New ']"
239,https://www.makaan.com/uttar-pradesh/buy-property-in-uttar-pradesh-state,Rs.24327500 ,Rishita Serenity,"['Possession by Dec 2025', 'New ']"
240,https://www.makaan.com/tamil-nadu/buy-property-in-tamil-nadu-state,Rs.4257000 ,FL JH Platina,"['0 - 1 year old', 'New ']"
241,https://www.makaan.com/tamil-nadu/buy-property-in-tamil-nadu-state,Rs.10285700 ,Asset ATH Crown,"['Possession by Oct 2025', 'New ']"
242,https://www.makaan.com/tamil-nadu/buy-property-in-tamil-nadu-state,Rs.6280953 ,VGK Summer Garden,"['0 - 1 year old', 'New ']"
243,https://www.makaan.com/tamil-nadu/buy-property-in-tamil-nadu-state,Rs.4921000 ,Newry Newry Adora,"['Possession by Jun 2025', 'New ']"
244,https://www.makaan.com/tamil-nadu/buy-property-in-tamil-nadu-state,Rs.14454568 ,KG ELEGANZA,"['Possession by Jun 2026', 'New ']"
245,https://www.makaan.com/tamil-nadu/buy-property-in-tamil-nadu-state,Rs.6116000 ,Royal Natura,"['0 - 1 year old', 'New ']"
246,https://www.makaan.com/tamil-nadu/buy-property-in-tamil-nadu-state,Rs.37800000 ,Arc Noor Pearl,"['Possession by Aug 2023', '3 Bathrooms', 'New ']"
247,https://www.makaan.com/tamil-nadu/buy-property-in-tamil-nadu-state,Rs.7592244 ,Greenway GCC Sakthi And Sivam,"['Possession by Feb 2024', 'New ']"
248,https://www.makaan.com/tamil-nadu/buy-property-in-tamil-nadu-state,Rs.9670925 ,The Nest Carnival 2,"['Possession by Nov 2024', 'New ']"
249,https://www.makaan.com/tamil-nadu/buy-property-in-tamil-nadu-state,Rs.28352000 ,Hansa One Oh One,"['0 - 1 year old', 'New ']"
250,https://www.makaan.com/tamil-nadu/buy-property-in-tamil-nadu-state,Rs.10434500 ,MP Dollars County,"['0 - 1 year old', 'New ']"
251,https://www.makaan.com/tamil-nadu/buy-property-in-tamil-nadu-state,Rs.7288000 ,LML Arshiya,"['Possession by Sep 2024', 'New ']"
252,https://www.makaan.com/tamil-nadu/buy-property-in-tamil-nadu-state,Rs.5496100 ,Bharathi Magnus,"['Possession by Dec 2023', 'New ']"
253,https://www.makaan.com/tamil-nadu/buy-property-in-tamil-nadu-state,Rs.9552595 ,GP GP Homes Blazing Star,"['Possession by Apr 2024', 'New ']"
254,https://www.makaan.com/tamil-nadu/buy-property-in-tamil-nadu-state,Rs.882000 ,Nahar Anand Nagar Phase 2,['0 - 1 year old']
255,https://www.makaan.com/tamil-nadu/buy-property-in-tamil-nadu-state,Rs.5292916 ,Premier Premier JJS Garden,['1 - 2 years old']
256,https://www.makaan.com/tamil-nadu/buy-property-in-tamil-nadu-state,Rs.3122240 ,Manju Ayaan City,['0 - 1 year old']
257,https://www.makaan.com/tamil-nadu/buy-property-in-tamil-nadu-state,Rs.8044659 ,Pallavarajha Properties Pvt Ltd Pallavarajha Akkarai,['6 - 7 years old']
258,https://www.makaan.com/tamil-nadu/buy-property-in-tamil-nadu-state,Rs.6158460 ,VGN Brillianze Phase II,['0 - 1 year old']
259,https://www.makaan.com/tamil-nadu/buy-property-in-tamil-nadu-state,Rs.4972968 ,DAC Urban Park,"['Possession by Apr 2023', 'New ']"
260,https://www.makaan.com/karnataka/buy-property-in-karnataka-state,Rs.11899855 ,CasaGrand Casagrand Meridian,"['Possession by May 2024', 'New ']"
261,https://www.makaan.com/karnataka/buy-property-in-karnataka-state,Rs.25277228 ,Evo Evo Aeris,"['Possession by Feb 2026', 'New ']"
262,https://www.makaan.com/karnataka/buy-property-in-karnataka-state,Rs.23822219 ,Assetz SOHO & SKY,"['Possession by Aug 2026', '2 Bathrooms', 'New ']"
263,https://www.makaan.com/karnataka/buy-property-in-karnataka-state,Rs.6818760 ,Sai Balaji Sai Balaji Royal,"['Possession by Mar 2024', 'New ']"
264,https://www.makaan.com/karnataka/buy-property-in-karnataka-state,Rs.5756100 ,Shree Nandana Elite,"['Possession by May 2023', 'New ']"
265,https://www.makaan.com/karnataka/buy-property-in-karnataka-state,Rs.6969489 ,Sattva Aeropolis,"['Possession by Jul 2026', 'New ']"
266,https://www.makaan.com/karnataka/buy-property-in-karnataka-state,Rs.12188690 ,DSR Parkway,"['Possession by Nov 2023', 'New ']"
267,https://www.makaan.com/karnataka/buy-property-in-karnataka-state,Rs.3230460 ,Saroj Whispering Winds,['3 - 4 years old']
268,https://www.makaan.com/karnataka/buy-property-in-karnataka-state,Rs.8000000 ,Nanda Prakruthi Villas,['7 - 8 years old']
269,https://www.makaan.com/karnataka/buy-property-in-karnataka-state,Rs.12116270 ,Keya Around The Life,"['Possession by Jun 2025', '2 Bathrooms', 'New ']"
270,https://www.makaan.com/karnataka/buy-property-in-karnataka-state,Rs.13346729 ,Navami Landmaark,"['Possession by Oct 2023', '2 Bathrooms', 'New ']"
271,https://www.makaan.com/karnataka/buy-property-in-karnataka-state,Rs.5532712 ,V Venture EVA,"['2 - 3 years old', 'New ']"
272,https://www.makaan.com/karnataka/buy-property-in-karnataka-state,Rs.5998500 ,Dukes Legend Sujay,['3 - 4 years old']
273,https://www.makaan.com/karnataka/buy-property-in-karnataka-state,Rs.8936576 ,Unique Feronia,"['2 - 3 years old', 'New ']"
274,https://www.makaan.com/karnataka/buy-property-in-karnataka-state,Rs.3600000 ,LTG Aishwarya Indraprastha,['1 - 2 years old']
275,https://www.makaan.com/karnataka/buy-property-in-karnataka-state,Rs.34100000 ,SNN Clermont,"['2 - 3 years old', 'New ']"
276,https://www.makaan.com/karnataka/buy-property-in-karnataka-state,Rs.13362006 ,Hoysala Hallmark Lalith,"['Possession by May 2024', 'New ']"
277,https://www.makaan.com/karnataka/buy-property-in-karnataka-state,Rs.3735000 ,RBD RBD Meadows,['3 - 4 years old']
278,https://www.makaan.com/karnataka/buy-property-in-karnataka-state,Rs.6201562 ,Sumadhura Aspire Amber,"['1 - 2 years old', '2 Bathrooms', 'New ']"
279,https://www.makaan.com/karnataka/buy-property-in-karnataka-state,Rs.5580000 ,Jhanavi Noreste,"['Possession by Mar 2025', 'New ']"
280,https://www.makaan.com/delhi/delhi-south-flats-for-rent-10022,Rs.35000 ,Swaraj Homes Pocket H Market Sarita Vihar RWA,"['No Deposit', '2 bathrooms']"
281,https://www.makaan.com/delhi/delhi-south-flats-for-rent-10022,Rs.5500 ,,"['No Deposit', '1 bathrooms', 'East facing']"
282,https://www.makaan.com/delhi/delhi-south-flats-for-rent-10022,Rs.5500 ,,"['No Deposit', '1 bathrooms']"
283,https://www.makaan.com/delhi/delhi-south-flats-for-rent-10022,Rs.11000 ,,"['No Deposit', '1 bathrooms']"
284,https://www.makaan.com/delhi/delhi-south-flats-for-rent-10022,Rs.24000 ,,"['No Deposit', '2 bathrooms', 'East facing']"
285,https://www.makaan.com/delhi/delhi-south-flats-for-rent-10022,Rs.115000 ,Dhingra Projects Floors Vasant Vihar,"['No Deposit', '5 bathrooms', 'East facing']"
286,https://www.makaan.com/delhi/delhi-south-flats-for-rent-10022,Rs.110000 ,Navgrow Greater Kailash Builder Floor,"['No Deposit', '4 bathrooms', 'NorthEast facing']"
287,https://www.makaan.com/delhi/delhi-south-flats-for-rent-10022,Rs.55000 ,,['No Deposit']
288,https://www.makaan.com/delhi/delhi-south-flats-for-rent-10022,Rs.7000 ,,"['No Deposit', '1 bathrooms']"
289,https://www.makaan.com/delhi/delhi-south-flats-for-rent-10022,Rs.14000 ,,['No Deposit']
290,https://www.makaan.com/delhi/delhi-south-flats-for-rent-10022,Rs.130000 ,,"['No Deposit', '4 bathrooms', 'North facing']"
291,https://www.makaan.com/delhi/delhi-south-flats-for-rent-10022,Rs.12000 ,Reputed Builder Shivalik Appartment,"['No Deposit', '1 bathrooms']"
292,https://www.makaan.com/delhi/delhi-south-flats-for-rent-10022,Rs.25000 ,,"['No Deposit', '1 bathrooms']"
293,https://www.makaan.com/delhi/delhi-south-flats-for-rent-10022,Rs.11000 ,ATFL JVTS Gardens,"['No Deposit', '1 bathrooms']"
294,https://www.makaan.com/delhi/delhi-south-flats-for-rent-10022,Rs.17000 ,,"['No Deposit', '2 bathrooms', 'East facing']"
295,https://www.makaan.com/delhi/delhi-south-flats-for-rent-10022,Rs.9000 ,,"['No Deposit', '2 bathrooms']"
296,https://www.makaan.com/delhi/delhi-south-flats-for-rent-10022,Rs.60000 ,Reputed Builder Sector A Pocket B AND C,"['No Deposit', '2 bathrooms']"
297,https://www.makaan.com/delhi/delhi-south-flats-for-rent-10022,Rs.12000 ,,"['No Deposit', '2 bathrooms']"
298,https://www.makaan.com/delhi/delhi-south-flats-for-rent-10022,Rs.150000 ,,"['No Deposit', '3 bathrooms', 'East facing']"
299,https://www.makaan.com/delhi/delhi-south-flats-for-rent-10022,Rs.75000 ,,"['No Deposit', '3 bathrooms', 'SouthWest facing']"
300,https://www.makaan.com/mumbai/navi-mumbai-flats-for-rent-10045,Rs.17000 ,Shagun White Woods,"['No Deposit', '2 bathrooms', 'NorthEast facing']"
301,https://www.makaan.com/mumbai/navi-mumbai-flats-for-rent-10045,Rs.22000 ,Surana Tulsi Gaurav,"['No Deposit', '3 bathrooms', 'NorthEast facing']"
302,https://www.makaan.com/mumbai/navi-mumbai-flats-for-rent-10045,Rs.12500 ,Tricity Enclave,"['No Deposit', '2 bathrooms', 'NorthEast facing']"
303,https://www.makaan.com/mumbai/navi-mumbai-flats-for-rent-10045,Rs.21000 ,Marathon Marathon Nexzone,"['No Deposit', '2 bathrooms', 'NorthEast facing']"
304,https://www.makaan.com/mumbai/navi-mumbai-flats-for-rent-10045,Rs.10000 ,Anant Infra Residency,"['No Deposit', '1 bathrooms', 'NorthEast facing']"
305,https://www.makaan.com/mumbai/navi-mumbai-flats-for-rent-10045,Rs.20000 ,,"['No Deposit', '2 bathrooms']"
306,https://www.makaan.com/mumbai/navi-mumbai-flats-for-rent-10045,Rs.20000 ,,"['No Deposit', '2 bathrooms', 'NorthWest facing']"
307,https://www.makaan.com/mumbai/navi-mumbai-flats-for-rent-10045,Rs.64000 ,Gajra Bhoomi Heights,"['No Deposit', '4 bathrooms']"
308,https://www.makaan.com/mumbai/navi-mumbai-flats-for-rent-10045,Rs.14500 ,,"['No Deposit', '2 bathrooms', 'NorthEast facing']"
309,https://www.makaan.com/mumbai/navi-mumbai-flats-for-rent-10045,Rs.25000 ,Varsha Balaji Heritage,"['No Deposit', '2 bathrooms', 'North facing']"
310,https://www.makaan.com/mumbai/navi-mumbai-flats-for-rent-10045,Rs.15000 ,Gee Cee Aspira 206,"['No Deposit', '1 bathrooms', 'North facing']"
311,https://www.makaan.com/mumbai/navi-mumbai-flats-for-rent-10045,Rs.25000 ,BSEL Infrastructure Realty Ltd Kasturi Villa,"['No Deposit', '2 bathrooms', 'NorthEast facing']"
312,https://www.makaan.com/mumbai/navi-mumbai-flats-for-rent-10045,Rs.23000 ,Vishesh Balaji Symphony ,"['No Deposit', '3 bathrooms', 'East facing']"
313,https://www.makaan.com/mumbai/navi-mumbai-flats-for-rent-10045,Rs.13000 ,Indiabulls Greens,"['No Deposit', '2 bathrooms', 'East facing']"
314,https://www.makaan.com/mumbai/navi-mumbai-flats-for-rent-10045,Rs.10000 ,,"['No Deposit', '1 bathrooms', 'East facing']"
315,https://www.makaan.com/mumbai/navi-mumbai-flats-for-rent-10045,Rs.32000 ,Paradise Sai World City,"['No Deposit', '3 bathrooms', 'East facing']"
316,https://www.makaan.com/mumbai/navi-mumbai-flats-for-rent-10045,Rs.17000 ,,"['No Deposit', '1 bathrooms']"
317,https://www.makaan.com/mumbai/navi-mumbai-flats-for-rent-10045,Rs.15000 ,Neel Sidhi Orbit,"['No Deposit', '1 bathrooms', 'East facing']"
318,https://www.makaan.com/mumbai/navi-mumbai-flats-for-rent-10045,Rs.24500 ,Vishesh Balaji Symphony ,"['No Deposit', '3 bathrooms']"
319,https://www.makaan.com/mumbai/navi-mumbai-flats-for-rent-10045,Rs.8000 ,,"['No Deposit', '2 bathrooms', 'East facing']"
320,https://www.makaan.com/mumbai/andheri-to-dahisar-flats-for-rent-10042,Rs.15500 ,DB Ozone,"['No Deposit', '2 bathrooms', 'NorthEast facing']"
321,https://www.makaan.com/mumbai/andheri-to-dahisar-flats-for-rent-10042,Rs.28500 ,Atul Blue Arch,"['No Deposit', '2 bathrooms']"
322,https://www.makaan.com/mumbai/andheri-to-dahisar-flats-for-rent-10042,Rs.26000 ,Reputed Builder palm islend 3,"['No Deposit', '2 bathrooms']"
323,https://www.makaan.com/mumbai/andheri-to-dahisar-flats-for-rent-10042,Rs.50000 ,Reputed Builder Satya Darshan,"['No Deposit', '2 bathrooms']"
324,https://www.makaan.com/mumbai/andheri-to-dahisar-flats-for-rent-10042,Rs.32000 ,,"['No Deposit', '2 bathrooms']"
325,https://www.makaan.com/mumbai/andheri-to-dahisar-flats-for-rent-10042,Rs.35000 ,Reputed Builder Aman Spring,"['No Deposit', '2 bathrooms', 'East facing']"
326,https://www.makaan.com/mumbai/andheri-to-dahisar-flats-for-rent-10042,Rs.50000 ,Reputed Builder Valeram Building,"['No Deposit', '2 bathrooms', 'West facing']"
327,https://www.makaan.com/mumbai/andheri-to-dahisar-flats-for-rent-10042,Rs.48000 ,Deepak Daffodils,"['No Deposit', '2 bathrooms']"
328,https://www.makaan.com/mumbai/andheri-to-dahisar-flats-for-rent-10042,Rs.42000 ,Reputed Builder Dhiraj Building,"['No Deposit', '2 bathrooms', 'East facing']"
329,https://www.makaan.com/mumbai/andheri-to-dahisar-flats-for-rent-10042,Rs.35000 ,,"['No Deposit', '1 bathrooms']"
330,https://www.makaan.com/mumbai/andheri-to-dahisar-flats-for-rent-10042,Rs.55000 ,Sai Baba Complex,"['No Deposit', '2 bathrooms', 'East facing']"
331,https://www.makaan.com/mumbai/andheri-to-dahisar-flats-for-rent-10042,Rs.25101 ,Godrej Tranquil,"['No Deposit', '2 bathrooms', 'East facing']"
332,https://www.makaan.com/mumbai/andheri-to-dahisar-flats-for-rent-10042,Rs.43000 ,Veena Saaz,"['No Deposit', '2 bathrooms']"
333,https://www.makaan.com/mumbai/andheri-to-dahisar-flats-for-rent-10042,Rs.150000 ,Reputed Builder Ashok Towers,"['No Deposit', '3 bathrooms', 'East facing']"
334,https://www.makaan.com/mumbai/andheri-to-dahisar-flats-for-rent-10042,Rs.95000 ,HCBS Dheeraj Gaurav Heights 1,"['No Deposit', '3 bathrooms', 'NorthEast facing']"
335,https://www.makaan.com/mumbai/andheri-to-dahisar-flats-for-rent-10042,Rs.30000 ,K Raheja Eastate,"['No Deposit', '2 bathrooms', 'East facing']"
336,https://www.makaan.com/mumbai/andheri-to-dahisar-flats-for-rent-10042,Rs.65000 ,,"['No Deposit', '2 bathrooms']"
337,https://www.makaan.com/mumbai/andheri-to-dahisar-flats-for-rent-10042,Rs.36000 ,Reputed Builder NG Complex,"['No Deposit', '1 bathrooms']"
338,https://www.makaan.com/mumbai/andheri-to-dahisar-flats-for-rent-10042,Rs.45000 ,Reputed Builder Shapoorji Pallonji Epsilon Astron Tower,"['No Deposit', '2 bathrooms']"
339,https://www.makaan.com/mumbai/andheri-to-dahisar-flats-for-rent-10042,Rs.35000 ,Rustomjee Regency,"['No Deposit', '2 bathrooms', 'South facing']"
340,https://www.makaan.com/mumbai/thane-flats-for-rent-10048,Rs.4500 ,,"['No Deposit', '1 bathrooms', 'East facing']"
341,https://www.makaan.com/mumbai/thane-flats-for-rent-10048,Rs.12000 ,Reputed Builder Suprema Casa Bella,"['No Deposit', '2 bathrooms']"
342,https://www.makaan.com/mumbai/thane-flats-for-rent-10048,Rs.38000 ,,"['No Deposit', '2 bathrooms', 'East facing']"
343,https://www.makaan.com/mumbai/thane-flats-for-rent-10048,Rs.15000 ,Cosmos 27 GBR,"['No Deposit', '2 bathrooms', 'East facing']"
344,https://www.makaan.com/mumbai/thane-flats-for-rent-10048,Rs.7000 ,,"['No Deposit', '2 bathrooms']"
345,https://www.makaan.com/mumbai/thane-flats-for-rent-10048,Rs.42000 ,Piramal Vaikunth Thane,"['No Deposit', '2 bathrooms', 'NorthEast facing']"
346,https://www.makaan.com/mumbai/thane-flats-for-rent-10048,Rs.35000 ,Kalpataru Sunrise,"['No Deposit', '2 bathrooms', 'East facing']"
347,https://www.makaan.com/mumbai/thane-flats-for-rent-10048,Rs.30000 ,Maithili Pride,"['No Deposit', '1 bathrooms', 'West facing']"
348,https://www.makaan.com/mumbai/thane-flats-for-rent-10048,Rs.10995 ,Haware Haware Citi,"['No Deposit', '2 bathrooms', 'North facing']"
349,https://www.makaan.com/mumbai/thane-flats-for-rent-10048,Rs.18000 ,,"['No Deposit', '1 bathrooms']"
350,https://www.makaan.com/mumbai/thane-flats-for-rent-10048,Rs.28000 ,,"['No Deposit', '2 bathrooms', 'NorthEast facing']"
351,https://www.makaan.com/mumbai/thane-flats-for-rent-10048,Rs.30000 ,,"['No Deposit', '2 bathrooms', 'East facing']"
352,https://www.makaan.com/mumbai/thane-flats-for-rent-10048,Rs.13000 ,Squarefeet Grand Square,"['No Deposit', '2 bathrooms', 'East facing']"
353,https://www.makaan.com/mumbai/thane-flats-for-rent-10048,Rs.25000 ,,"['No Deposit', '2 bathrooms', 'East facing']"
354,https://www.makaan.com/mumbai/thane-flats-for-rent-10048,Rs.12000 ,Sarvoday Patwardhan Baug,"['No Deposit', '2 bathrooms', 'East facing']"
355,https://www.makaan.com/mumbai/thane-flats-for-rent-10048,Rs.24000 ,Runwal Garden City,"['No Deposit', '2 bathrooms']"
356,https://www.makaan.com/mumbai/thane-flats-for-rent-10048,Rs.28000 ,Ashar Edge,"['No Deposit', '2 bathrooms']"
357,https://www.makaan.com/mumbai/thane-flats-for-rent-10048,Rs.10000 ,,"['No Deposit', '1 bathrooms']"
358,https://www.makaan.com/mumbai/thane-flats-for-rent-10048,Rs.42000 ,Neelkanth Palms,"['No Deposit', '2 bathrooms', 'East facing']"
359,https://www.makaan.com/mumbai/thane-flats-for-rent-10048,Rs.23000 ,Vardhaman Gawand Baug,"['No Deposit', '2 bathrooms', 'East facing']"
360,https://www.makaan.com/ahmedabad/ahmedabad-west-flats-for-rent-10229,Rs.50000 ,Amaya 78 at Gokuldham,"['No Deposit', '2 bathrooms']"
361,https://www.makaan.com/ahmedabad/ahmedabad-west-flats-for-rent-10229,Rs.38000 ,Gala Swing,"['No Deposit', '3 bathrooms']"
362,https://www.makaan.com/ahmedabad/ahmedabad-west-flats-for-rent-10229,Rs.35000 ,,"['No Deposit', '3 bathrooms', 'East facing']"
363,https://www.makaan.com/ahmedabad/ahmedabad-west-flats-for-rent-10229,Rs.19000 ,Godrej Green Glades,"['No Deposit', '1 bathrooms', 'SouthWest facing']"
364,https://www.makaan.com/ahmedabad/ahmedabad-west-flats-for-rent-10229,Rs.38000 ,Siddhi Aarohi Residency,"['No Deposit', '3 bathrooms']"
365,https://www.makaan.com/ahmedabad/ahmedabad-west-flats-for-rent-10229,Rs.40000 ,,"['No Deposit', '4 bathrooms', 'East facing']"
366,https://www.makaan.com/ahmedabad/ahmedabad-west-flats-for-rent-10229,Rs.30000 ,GSG Abode Orchid Sky,"['No Deposit', '3 bathrooms', 'East facing']"
367,https://www.makaan.com/ahmedabad/ahmedabad-west-flats-for-rent-10229,Rs.70000 ,Goyal And Co And HN Safal Riviera Elite,"['No Deposit', '5 bathrooms', 'East facing']"
368,https://www.makaan.com/ahmedabad/ahmedabad-west-flats-for-rent-10229,Rs.150000 ,Popular Domain,"['No Deposit', '2 bathrooms', 'South facing']"
369,https://www.makaan.com/ahmedabad/ahmedabad-west-flats-for-rent-10229,Rs.35000 ,,"['No Deposit', '3 bathrooms', 'East facing']"
370,https://www.makaan.com/ahmedabad/ahmedabad-west-flats-for-rent-10229,Rs.22000 ,Goyal And Co And HN Safal Aakash Residency Phase 2,"['No Deposit', '2 bathrooms', 'East facing']"
371,https://www.makaan.com/ahmedabad/ahmedabad-west-flats-for-rent-10229,Rs.20000 ,,"['No Deposit', '3 bathrooms', 'East facing']"
372,https://www.makaan.com/ahmedabad/ahmedabad-west-flats-for-rent-10229,Rs.20000 ,Aaryan Gloria,"['No Deposit', '3 bathrooms', 'NorthEast facing']"
373,https://www.makaan.com/ahmedabad/ahmedabad-west-flats-for-rent-10229,Rs.15000 ,Shree Radha Jaldhara 319,"['No Deposit', '3 bathrooms', 'East facing']"
374,https://www.makaan.com/ahmedabad/ahmedabad-west-flats-for-rent-10229,Rs.250000 ,,"['No Deposit', '5 bathrooms']"
375,https://www.makaan.com/ahmedabad/ahmedabad-west-flats-for-rent-10229,Rs.18000 ,,"['No Deposit', '2 bathrooms', 'North facing']"
376,https://www.makaan.com/ahmedabad/ahmedabad-west-flats-for-rent-10229,Rs.18500 ,Anand Elegance,"['No Deposit', '2 bathrooms', 'East facing']"
377,https://www.makaan.com/ahmedabad/ahmedabad-west-flats-for-rent-10229,Rs.24000 ,Applewoods Sorrel,"['No Deposit', '2 bathrooms', 'NorthEast facing']"
378,https://www.makaan.com/ahmedabad/ahmedabad-west-flats-for-rent-10229,Rs.100000 ,Sun Sky Park,"['No Deposit', '4 bathrooms', 'East facing']"
379,https://www.makaan.com/ahmedabad/ahmedabad-west-flats-for-rent-10229,Rs.21000 ,,"['No Deposit', '2 bathrooms', 'East facing']"
380,https://www.makaan.com/mumbai/navi-mumbai-property-10045,Rs.5998848 ,Soundlines Codename Urban Rainforest,"['Possession by Feb 2026', 'New ']"
381,https://www.makaan.com/mumbai/navi-mumbai-property-10045,Rs.5080000 ,KPS Enterprises Park,['New ']
382,https://www.makaan.com/mumbai/navi-mumbai-property-10045,Rs.2796000 ,Qualitas QN Greens Phase 1,"['2 - 3 years old', 'New ']"
383,https://www.makaan.com/mumbai/navi-mumbai-property-10045,Rs.5800000 ,,"['2 Bathrooms', 'Resale ', 'NorthEast facing']"
384,https://www.makaan.com/mumbai/navi-mumbai-property-10045,Rs.6100000 ,Riddhi Siddhi Imperial,"['Possession by Nov 2027', 'New ']"
385,https://www.makaan.com/mumbai/navi-mumbai-property-10045,Rs.5998848 ,Soundlines Codename Urban Rainforest,"['Possession by Feb 2026', 'New ']"
386,https://www.makaan.com/mumbai/navi-mumbai-property-10045,Rs.2135000 ,KPS Enterprises Park,"['1 Bathrooms', 'New ']"
387,https://www.makaan.com/mumbai/navi-mumbai-property-10045,Rs.4444000 ,Qualitas QN Greens Phase 1,"['2 - 3 years old', 'New ']"
388,https://www.makaan.com/mumbai/navi-mumbai-property-10045,Rs.9000000 ,Shankheshwar Pallazo,"['7 - 8 years old', '2 Bathrooms', 'Resale ']"
389,https://www.makaan.com/mumbai/navi-mumbai-property-10045,Rs.2450000 ,Riddhi Siddhi Imperial,"['Possession by Nov 2027', 'New ']"
390,https://www.makaan.com/mumbai/navi-mumbai-property-10045,Rs.4105000 ,KPS Enterprises Park,['New ']
391,https://www.makaan.com/mumbai/navi-mumbai-property-10045,Rs.2458000 ,Qualitas QN Greens Phase 1,"['2 - 3 years old', '1 Bathrooms', 'New ']"
392,https://www.makaan.com/mumbai/navi-mumbai-property-10045,Rs.8300000 ,Sonal Yogi Krishna,"['3 - 4 years old', '2 Bathrooms', 'New ']"
393,https://www.makaan.com/mumbai/navi-mumbai-property-10045,Rs.3900000 ,Riddhi Siddhi Imperial,"['Possession by Nov 2027', 'New ']"
394,https://www.makaan.com/mumbai/navi-mumbai-property-10045,Rs.10000000 ,Millennium Flora,"['Possession by Jul 2026', '2 Bathrooms', 'Resale ']"
395,https://www.makaan.com/mumbai/navi-mumbai-property-10045,Rs.5100000 ,Today Shyam Aarohi Complex,"['2 Bathrooms', 'Resale ']"
396,https://www.makaan.com/mumbai/navi-mumbai-property-10045,Rs.10040000 ,Arihant Clan Aalishan Phase 1,"['Possession by Aug 2024', '2 Bathrooms', 'Resale ']"
397,https://www.makaan.com/mumbai/navi-mumbai-property-10045,Rs.3870000 ,Kalpsutra Vatsalya,"['Possession by Dec 2023', '2 Bathrooms', 'Resale ']"
398,https://www.makaan.com/mumbai/navi-mumbai-property-10045,Rs.2400000 ,,"['1 Bathrooms', 'Resale ']"
399,https://www.makaan.com/mumbai/navi-mumbai-property-10045,Rs.28000000 ,Progressive Cottage,"['20 - 21 years old', '2 Bathrooms', 'Resale ']"
400,https://www.makaan.com/mumbai/beyond-thane-property-10043,Rs.2351000 ,Sairaj Sai Pooja,"['Possession by Nov 2023', 'New ']"
401,https://www.makaan.com/mumbai/beyond-thane-property-10043,Rs.4971596 ,Arya Auroville,"['Possession by Dec 2025', 'New ']"
402,https://www.makaan.com/mumbai/beyond-thane-property-10043,Rs.2200000 ,Thanekar Civic,"['Possession by Apr 2024', 'New ']"
403,https://www.makaan.com/mumbai/beyond-thane-property-10043,Rs.7800000 ,,"['Possession by Dec 2027', '2 Bathrooms', 'New ']"
404,https://www.makaan.com/mumbai/beyond-thane-property-10043,Rs.2419000 ,Sahabhagi Riva Rythm,['New ']
405,https://www.makaan.com/mumbai/beyond-thane-property-10043,Rs.2451000 ,Sairaj Sai Pooja,"['Possession by Nov 2023', 'New ']"
406,https://www.makaan.com/mumbai/beyond-thane-property-10043,Rs.3916160 ,Arya Auroville,"['Possession by Dec 2025', 'New ']"
407,https://www.makaan.com/mumbai/beyond-thane-property-10043,Rs.2200000 ,Thanekar Civic,"['Possession by Apr 2024', 'New ']"
408,https://www.makaan.com/mumbai/beyond-thane-property-10043,Rs.4000000 ,,"['Possession by Dec 2027', '2 Bathrooms', 'New ']"
409,https://www.makaan.com/mumbai/beyond-thane-property-10043,Rs.2419000 ,Sahabhagi Riva Rythm,['New ']
410,https://www.makaan.com/mumbai/beyond-thane-property-10043,Rs.2200000 ,Thanekar Civic,"['Possession by Apr 2024', 'New ']"
411,https://www.makaan.com/mumbai/beyond-thane-property-10043,Rs.1400000 ,Sahabhagi Riva Rythm,['New ']
412,https://www.makaan.com/mumbai/beyond-thane-property-10043,Rs.3200000 ,Kohinoor Eden,"['Possession by Nov 2025', '2 Bathrooms', 'Resale ']"
413,https://www.makaan.com/mumbai/beyond-thane-property-10043,Rs.1850000 ,,"['2 Bathrooms', 'Resale ']"
414,https://www.makaan.com/mumbai/beyond-thane-property-10043,Rs.3800005 ,,"['2 Bathrooms', 'Resale ', 'East facing']"
415,https://www.makaan.com/mumbai/beyond-thane-property-10043,Rs.3389850 ,,"['2 Bathrooms', 'Resale ']"
416,https://www.makaan.com/mumbai/beyond-thane-property-10043,Rs.3600000 ,Ashapura Mokshit Majesta,"['Possession by Feb 2024', 'New ']"
417,https://www.makaan.com/mumbai/beyond-thane-property-10043,Rs.3550000 ,,"['2 Bathrooms', 'Resale ']"
418,https://www.makaan.com/mumbai/beyond-thane-property-10043,Rs.928000 ,,[]
419,https://www.makaan.com/mumbai/beyond-thane-property-10043,Rs.2200000 ,,"['1 Bathrooms', 'Resale ']"
420,https://www.makaan.com/pune/pcmc-property-10244,Rs.12355824 ,Pankaj Mangal Kalash,"['Possession by Nov 2025', 'New ']"
421,https://www.makaan.com/pune/pcmc-property-10244,Rs.7300000 ,Silver Gardenia,"['Possession by Nov 2025', 'New ']"
422,https://www.makaan.com/pune/pcmc-property-10244,Rs.3956536 ,Shree Samarth Shri ICON,"['Possession by Dec 2024', 'New ']"
423,https://www.makaan.com/pune/pcmc-property-10244,Rs.7649999 ,Waghere Rajveer Imperia,"['Possession by May 2025', 'New ']"
424,https://www.makaan.com/pune/pcmc-property-10244,Rs.5900000 ,Shree Sonigara VIVANTA NEXT,"['Possession by Feb 2026', 'New ']"
425,https://www.makaan.com/pune/pcmc-property-10244,Rs.5225952 ,Yashada Supreme,"['Possession by Nov 2024', 'New ']"
426,https://www.makaan.com/pune/pcmc-property-10244,Rs.10816000 ,Aum Sanskruti Aum Sanskruti Housing Casa Imperia Ph 2,"['Possession by May 2024', 'New ']"
427,https://www.makaan.com/pune/pcmc-property-10244,Rs.6500000 ,Shiv Divine Dazzle,"['Possession by Jun 2024', 'New ']"
428,https://www.makaan.com/pune/pcmc-property-10244,Rs.6750000 ,Saikrushna Midori Tower,"['Possession by Dec 2024', 'New ']"
429,https://www.makaan.com/pune/pcmc-property-10244,Rs.5446340 ,Shevi Atulya Nirman ,"['Possession by May 2023', 'New ']"
430,https://www.makaan.com/pune/pcmc-property-10244,Rs.4159130 ,GS Palaash 24 ,"['2 - 3 years old', 'New ']"
431,https://www.makaan.com/pune/pcmc-property-10244,Rs.12355824 ,Pankaj Mangal Kalash,"['Possession by Nov 2025', 'New ']"
432,https://www.makaan.com/pune/pcmc-property-10244,Rs.4200000 ,Silver Gardenia,"['Possession by Nov 2025', 'New ']"
433,https://www.makaan.com/pune/pcmc-property-10244,Rs.4685600 ,Shree Samarth Shri ICON,"['Possession by Dec 2024', 'New ']"
434,https://www.makaan.com/pune/pcmc-property-10244,Rs.7699999 ,Waghere Rajveer Imperia,"['Possession by May 2025', 'New ']"
435,https://www.makaan.com/pune/pcmc-property-10244,Rs.6400000 ,Shree Sonigara VIVANTA NEXT,"['Possession by Feb 2026', 'New ']"
436,https://www.makaan.com/pune/pcmc-property-10244,Rs.5225952 ,Yashada Supreme,"['Possession by Nov 2024', 'New ']"
437,https://www.makaan.com/pune/pcmc-property-10244,Rs.10816000 ,Aum Sanskruti Aum Sanskruti Housing Casa Imperia Ph 2,"['Possession by May 2024', 'New ']"
438,https://www.makaan.com/pune/pcmc-property-10244,Rs.6500000 ,Shiv Divine Dazzle,"['Possession by Jun 2024', 'New ']"
439,https://www.makaan.com/pune/pcmc-property-10244,Rs.6750000 ,Saikrushna Midori Tower,"['Possession by Dec 2024', 'New ']"
440,https://www.makaan.com/hyderabad/hyderabad-west-property-10082,Rs.14829600 ,Candeur Twins,"['Possession by Sep 2025', 'New ']"
441,https://www.makaan.com/hyderabad/hyderabad-west-property-10082,Rs.7345888 ,Risinia The Edge,"['Possession by May 2025', 'New ']"
442,https://www.makaan.com/hyderabad/hyderabad-west-property-10082,Rs.12874520 ,Cybercity Oriana,"['Possession by Nov 2025', '3 Bathrooms', 'New ']"
443,https://www.makaan.com/hyderabad/hyderabad-west-property-10082,Rs.12785500 ,RV Vijay RV s Sai Vanamali,"['Possession by Nov 2024', 'New ']"
444,https://www.makaan.com/hyderabad/hyderabad-west-property-10082,Rs.9063067 ,Urbanrise The World of Joy,"['Possession by Dec 2026', 'New ']"
445,https://www.makaan.com/hyderabad/hyderabad-west-property-10082,Rs.12328000 ,Anuhar Towers,"['Possession by Nov 2023', 'New ']"
446,https://www.makaan.com/hyderabad/hyderabad-west-property-10082,Rs.6300000 ,Beyond Icon Homes,['Possession by Feb 2024']
447,https://www.makaan.com/hyderabad/hyderabad-west-property-10082,Rs.40950000 ,GSR Asteria Pride,"['Possession by Jun 2025', 'New ']"
448,https://www.makaan.com/hyderabad/hyderabad-west-property-10082,Rs.38600000 ,APR Praveens Eterno,"['Possession by Dec 2028', 'New ']"
449,https://www.makaan.com/hyderabad/hyderabad-west-property-10082,Rs.5522790 ,IRA IRA M 3,"['Possession by Nov 2025', 'New ']"
450,https://www.makaan.com/hyderabad/hyderabad-west-property-10082,Rs.18280000 ,Vasavi Signature,"['1 - 2 years old', 'New ']"
451,https://www.makaan.com/hyderabad/hyderabad-west-property-10082,Rs.9535600 ,Riddhi Grandeur,"['Possession by Oct 2023', 'New ']"
452,https://www.makaan.com/hyderabad/hyderabad-west-property-10082,Rs.12661400 ,Candeur Twins,"['Possession by Sep 2025', 'New ']"
453,https://www.makaan.com/hyderabad/hyderabad-west-property-10082,Rs.10318957 ,Risinia The Edge,"['Possession by May 2025', 'New ']"
454,https://www.makaan.com/hyderabad/hyderabad-west-property-10082,Rs.10873750 ,Cybercity Oriana,"['Possession by Nov 2025', '2 Bathrooms', 'New ']"
455,https://www.makaan.com/hyderabad/hyderabad-west-property-10082,Rs.10224500 ,RV Vijay RV s Sai Vanamali,"['Possession by Nov 2024', 'New ']"
456,https://www.makaan.com/hyderabad/hyderabad-west-property-10082,Rs.9063067 ,Urbanrise The World of Joy,"['Possession by Dec 2026', 'New ']"
457,https://www.makaan.com/hyderabad/hyderabad-west-property-10082,Rs.8837300 ,Anuhar Towers,"['Possession by Nov 2023', 'New ']"
458,https://www.makaan.com/hyderabad/hyderabad-west-property-10082,Rs.7200000 ,Beyond Icon Homes,['Possession by Feb 2024']
459,https://www.makaan.com/hyderabad/hyderabad-west-property-10082,Rs.40950000 ,GSR Asteria Pride,"['Possession by Jun 2025', 'New ']"
460,https://www.makaan.com/pune/pune-west-property-10059,Rs.46200000 ,Shree Venkatesh Skydale,"['Possession by Feb 2024', 'New ']"
461,https://www.makaan.com/pune/pune-west-property-10059,Rs.15500000 ,Nyati Emerald,"['Possession by Nov 2026', 'New ']"
462,https://www.makaan.com/pune/pune-west-property-10059,Rs.10000080 ,Naiknavare Pride Avonvista Project 4,"['Possession by Feb 2025', 'New ']"
463,https://www.makaan.com/pune/pune-west-property-10059,Rs.2560000 ,Real Dream Homes Wing A B C And D,"['Possession by Jun 2026', 'New ']"
464,https://www.makaan.com/pune/pune-west-property-10059,Rs.8596293 ,Godrej Hill Retreat,"['Possession by Dec 2025', 'New ']"
465,https://www.makaan.com/pune/pune-west-property-10059,Rs.12169256 ,Puravankara Aspire,"['Possession by Feb 2024', 'New ']"
466,https://www.makaan.com/pune/pune-west-property-10059,Rs.8400000 ,Puraniks Abitante Fiore Phase 2B,"['Possession by May 2030', 'New ']"
467,https://www.makaan.com/pune/pune-west-property-10059,Rs.46200000 ,Shree Venkatesh Skydale,"['Possession by Feb 2024', 'New ']"
468,https://www.makaan.com/pune/pune-west-property-10059,Rs.15500000 ,Nyati Emerald,"['Possession by Nov 2026', 'New ']"
469,https://www.makaan.com/pune/pune-west-property-10059,Rs.13099540 ,Naiknavare Pride Avonvista Project 4,"['Possession by Feb 2025', 'New ']"
470,https://www.makaan.com/pune/pune-west-property-10059,Rs.2560000 ,Real Dream Homes Wing A B C And D,"['Possession by Jun 2026', 'New ']"
471,https://www.makaan.com/pune/pune-west-property-10059,Rs.8596293 ,Godrej Hill Retreat,"['Possession by Dec 2025', 'New ']"
472,https://www.makaan.com/pune/pune-west-property-10059,Rs.10700240 ,Puravankara Aspire,"['Possession by Feb 2024', 'New ']"
473,https://www.makaan.com/pune/pune-west-property-10059,Rs.8400000 ,Puraniks Abitante Fiore Phase 2B,"['Possession by May 2030', 'New ']"
474,https://www.makaan.com/pune/pune-west-property-10059,Rs.22600000 ,Shree Venkatesh Skydale,"['Possession by Feb 2024', 'New ']"
475,https://www.makaan.com/pune/pune-west-property-10059,Rs.10500000 ,Nyati Emerald,"['Possession by Nov 2026', 'New ']"
476,https://www.makaan.com/pune/pune-west-property-10059,Rs.10700004 ,Naiknavare Pride Avonvista Project 4,"['Possession by Feb 2025', 'New ']"
477,https://www.makaan.com/pune/pune-west-property-10059,Rs.2479000 ,Real Dream Homes Wing A B C And D,"['Possession by Jun 2026', 'New ']"
478,https://www.makaan.com/pune/pune-west-property-10059,Rs.6304750 ,Godrej Hill Retreat,"['Possession by Dec 2025', 'New ']"
479,https://www.makaan.com/pune/pune-west-property-10059,Rs.5252902 ,Puraniks Abitante Fiore Phase 2B,"['Possession by May 2030', 'New ']"
480,https://www.makaan.com/mumbai-property/dombivali-flats-for-sale-50030,Rs.4971596 ,Arya Auroville,"['Possession by Dec 2025', 'New ']"
481,https://www.makaan.com/mumbai-property/dombivali-flats-for-sale-50030,Rs.3916160 ,Arya Auroville,"['Possession by Dec 2025', 'New ']"
482,https://www.makaan.com/mumbai-property/dombivali-flats-for-sale-50030,Rs.3600000 ,Ashapura Mokshit Majesta,"['Possession by Feb 2024', 'New ']"
483,https://www.makaan.com/mumbai-property/dombivali-flats-for-sale-50030,Rs.4550000 ,Swastik Sarvoday Symphony,"['Possession by Jun 2026', '2 Bathrooms', 'Resale ']"
484,https://www.makaan.com/mumbai-property/dombivali-flats-for-sale-50030,Rs.6500000 ,SS Balaji Krishna,"['Possession by Dec 2026', '1 Bathrooms', 'Resale ']"
485,https://www.makaan.com/mumbai-property/dombivali-flats-for-sale-50030,Rs.2950000 ,Sai Deep Heights,"['3 - 4 years old', '1 Bathrooms', 'Resale ']"
486,https://www.makaan.com/mumbai-property/dombivali-flats-for-sale-50030,Rs.2100000 ,Shree Yogeshwar Yogeshwar Park,"['7 - 8 years old', '1 Bathrooms', 'Resale ']"
487,https://www.makaan.com/mumbai-property/dombivali-flats-for-sale-50030,Rs.3600000 ,Tuljabhavani Draupadi Heights,"['Possession by Dec 2023', '1 Bathrooms', 'Resale ']"
488,https://www.makaan.com/mumbai-property/dombivali-flats-for-sale-50030,Rs.5100000 ,Mahaavir Pride,"['Possession by Nov 2025', '2 Bathrooms', 'Resale ']"
489,https://www.makaan.com/mumbai-property/dombivali-flats-for-sale-50030,Rs.6700000 ,Reputed Builder Maxima,"['3 Bathrooms', 'Resale ', 'East facing']"
490,https://www.makaan.com/mumbai-property/dombivali-flats-for-sale-50030,Rs.6300000 ,Swaraj Homes Casa Rio Arabiana,"['2 Bathrooms', 'Resale ']"
491,https://www.makaan.com/mumbai-property/dombivali-flats-for-sale-50030,Rs.4300000 ,SS Balaji Krishna,"['Possession by Dec 2026', '1 Bathrooms', 'Resale ']"
492,https://www.makaan.com/mumbai-property/dombivali-flats-for-sale-50030,Rs.7750000 ,Rachana Yash Enclave,"['10 years old', '2 Bathrooms', 'Resale ']"
493,https://www.makaan.com/mumbai-property/dombivali-flats-for-sale-50030,Rs.6200000 ,Lodha Palava Lakeshore Greens,"['5 - 6 years old', '2 Bathrooms', 'Resale ']"
494,https://www.makaan.com/mumbai-property/dombivali-flats-for-sale-50030,Rs.4800000 ,Shree Umiya Varsha Palm,"['4 years old', '1 Bathrooms', 'Resale ']"
495,https://www.makaan.com/mumbai-property/dombivali-flats-for-sale-50030,Rs.4785000 ,Lodha Palava Golden Tomorrow,"['8 years old', 'New ']"
496,https://www.makaan.com/mumbai-property/dombivali-flats-for-sale-50030,Rs.5050414 ,Venus Skky City La Vista,"['Possession by Dec 2027', 'New ']"
497,https://www.makaan.com/mumbai-property/dombivali-flats-for-sale-50030,Rs.6514890 ,Dynamic Crest Phase I Rimo Everest,"['2 - 3 years old', 'New ']"
498,https://www.makaan.com/mumbai-property/dombivali-flats-for-sale-50030,Rs.3430350 ,Anantnath Developers Agasan,"['3 - 4 years old', 'New ']"
499,https://www.makaan.com/mumbai-property/dombivali-flats-for-sale-50030,Rs.3715167 ,Lodha Fiora E,"['Possession by Mar 2026', 'New ']"
500,https://www.makaan.com/pune-property/wakad-flats-for-sale-50118,Rs.10816000 ,Aum Sanskruti Aum Sanskruti Housing Casa Imperia Ph 2,"['Possession by May 2024', 'New ']"
501,https://www.makaan.com/pune-property/wakad-flats-for-sale-50118,Rs.6650116 ,Kohinoor Courtyard One,"['Possession by Nov 2026', 'New ']"
502,https://www.makaan.com/pune-property/wakad-flats-for-sale-50118,Rs.10816000 ,Aum Sanskruti Aum Sanskruti Housing Casa Imperia Ph 2,"['Possession by May 2024', 'New ']"
503,https://www.makaan.com/pune-property/wakad-flats-for-sale-50118,Rs.9199674 ,Kohinoor Courtyard One,"['Possession by Nov 2026', 'New ']"
504,https://www.makaan.com/pune-property/wakad-flats-for-sale-50118,Rs.10816000 ,Aum Sanskruti Aum Sanskruti Housing Casa Imperia Ph 2,"['Possession by May 2024', 'New ']"
505,https://www.makaan.com/pune-property/wakad-flats-for-sale-50118,Rs.6650116 ,Kohinoor Courtyard One,"['Possession by Nov 2026', 'New ']"
506,https://www.makaan.com/pune-property/wakad-flats-for-sale-50118,Rs.7200000 ,,"['2 Bathrooms', 'Resale ']"
507,https://www.makaan.com/pune-property/wakad-flats-for-sale-50118,Rs.7011000 ,Goyal My Homes,"['Possession by May 2027', '2 Bathrooms', 'Resale ']"
508,https://www.makaan.com/pune-property/wakad-flats-for-sale-50118,Rs.7200104 ,Kohinoor Courtyard One,"['Possession by Nov 2026', 'New ']"
509,https://www.makaan.com/pune-property/wakad-flats-for-sale-50118,Rs.7800000 ,Sai La Molesa,"['6 - 7 years old', '2 Bathrooms', 'Resale ']"
510,https://www.makaan.com/pune-property/wakad-flats-for-sale-50118,Rs.6589500 ,Sanjeevani Sonchapha,"['8 - 9 years old', 'New ']"
511,https://www.makaan.com/pune-property/wakad-flats-for-sale-50118,Rs.8700000 ,Mihir Amara Phase 1,"['Possession by Dec 2026', 'New ']"
512,https://www.makaan.com/pune-property/wakad-flats-for-sale-50118,Rs.11300000 ,Kohinoor Westview Reserve,"['Possession by Dec 2025', 'New ']"
513,https://www.makaan.com/pune-property/wakad-flats-for-sale-50118,Rs.14895873 ,Swadik ANP Ultimus,"['Possession by Jun 2027', 'New ']"
514,https://www.makaan.com/pune-property/wakad-flats-for-sale-50118,Rs.10100000 ,Shree Signature Park E F I And J Buildings,"['Possession by Nov 2025', 'New ']"
515,https://www.makaan.com/pune-property/wakad-flats-for-sale-50118,Rs.12040000 ,Kasturi Apostrophe 2,"['11 - 12 years old', 'New ']"
516,https://www.makaan.com/pune-property/wakad-flats-for-sale-50118,Rs.7300000 ,5 Star Royal Grande,"['1 - 2 years old', '2 Bathrooms', 'Resale ']"
517,https://www.makaan.com/pune-property/wakad-flats-for-sale-50118,Rs.12000000 ,Swadik ANP Ultimus,"['Possession by Jun 2027', '4 Bathrooms', 'New ']"
518,https://www.makaan.com/pune-property/wakad-flats-for-sale-50118,Rs.4800000 ,,"['1 Bathrooms', 'Resale ']"
519,https://www.makaan.com/pune-property/wakad-flats-for-sale-50118,Rs.8500000 ,Sukhwani Skylines,"['Possession by May 2027', '2 Bathrooms', 'New ']"
